malicious_votes,harmless_votes,malicious_ratio,shodan_blocked,dns_record_count,total_open_ports,high_risk_country,domain_age_days,has_wildcard_dns,nameserver_count,has_mx,otx_pulse_count,urlhaus_listed,domain_age_known,label,indicator
11,45,0.1964285714285714,0,0,0,0,1688,1,2,1,0,1,1,1,0
6,49,0.109090909090909,0,0,0,0,261,0,0,0,0,0,1,1,0
8,48,0.1428571428571428,0,2,0,0,153,0,0,0,0,1,1,1,0
6,49,0.109090909090909,0,0,0,0,13,0,2,0,0,0,1,1,0
2,53,0.0363636363636363,0,0,0,0,3650,0,0,0,0,0,1,1,0
3,56,0.0508474576271186,0,0,0,0,316,0,2,1,0,0,1,1,0
3,55,0.0517241379310344,0,3,0,0,0,0,2,1,0,0,0,1,0
17,43,0.2833333333333333,0,0,0,0,84,0,2,0,1,1,1,1,0
6,52,0.1034482758620689,0,0,0,0,281,0,2,1,0,0,1,1,0
6,49,0.109090909090909,0,0,0,0,329,0,0,0,0,0,1,1,0
15,47,0.2419354838709677,0,0,0,0,2756,1,0,0,0,1,1,1,0
14,44,0.2413793103448276,0,1,0,0,208,0,2,1,16,1,1,1,0
4,52,0.0714285714285714,0,6,0,0,3650,0,4,1,1,0,1,1,0
14,45,0.2372881355932203,0,0,0,0,2659,0,0,0,0,1,1,1,0
10,49,0.1694915254237288,0,1,0,0,730,1,0,0,1,0,1,1,0
19,40,0.3220338983050847,0,0,0,0,38,0,0,0,2,1,1,1,0
3,58,0.0491803278688524,0,10,0,0,3650,0,0,0,0,0,1,1,0
15,44,0.2542372881355932,0,0,0,0,48,0,0,0,1,0,1,1,0
15,45,0.25,0,0,0,0,3650,0,0,1,0,1,1,1,0
10,46,0.1785714285714285,0,0,0,0,1204,0,0,0,0,1,1,1,0
6,47,0.1132075471698113,0,0,0,0,0,0,0,0,5,0,0,1,0
12,49,0.1967213114754098,0,0,0,0,1586,0,0,0,0,1,1,1,0
0,55,0.0,0,10,0,0,1485,0,2,1,1,0,1,1,0
13,45,0.2241379310344827,0,0,0,0,23,0,2,0,5,1,1,1,0
2,55,0.0350877192982456,0,3,0,0,3650,0,2,1,1,0,1,1,0
9,47,0.1607142857142857,0,0,0,0,389,0,2,1,1,0,1,1,0
2,55,0.0350877192982456,0,3,0,0,2513,0,4,1,0,0,1,1,0
4,52,0.0714285714285714,0,0,0,0,258,0,0,0,0,0,1,1,0
16,44,0.2666666666666666,0,0,0,0,3650,0,0,1,0,1,1,1,0
21,40,0.3442622950819672,0,0,0,0,32,0,2,0,4,1,1,1,0
5,51,0.0892857142857142,0,1,0,0,2346,0,0,0,0,0,1,1,0
16,44,0.2666666666666666,0,0,0,0,1464,1,0,0,0,1,1,1,0
4,53,0.0701754385964912,0,0,0,0,397,1,0,0,0,1,1,1,0
10,48,0.1724137931034483,0,0,0,0,5,0,2,0,0,0,1,1,0
5,53,0.0862068965517241,0,0,0,0,333,1,2,1,0,0,1,1,0
7,51,0.1206896551724138,0,0,0,0,3650,0,0,1,0,0,1,1,0
6,52,0.1034482758620689,0,0,0,0,3650,0,0,0,0,0,1,1,0
4,53,0.0701754385964912,0,0,0,0,146,0,2,0,0,0,1,1,0
0,59,0.0,0,10,0,0,3650,1,0,0,0,1,1,1,0
4,53,0.0701754385964912,0,3,0,0,3650,0,2,1,1,0,1,1,0
4,52,0.0714285714285714,0,0,0,0,3650,0,4,1,0,0,1,1,0
5,54,0.0847457627118644,0,3,0,0,3650,1,2,1,1,0,1,1,0
4,50,0.074074074074074,0,0,0,0,118,0,2,0,0,0,1,1,0
8,49,0.1403508771929824,0,3,0,0,3639,0,0,0,0,0,1,1,0
19,41,0.3166666666666666,0,0,0,0,55,0,0,0,4,1,1,1,0
1,55,0.0178571428571428,0,0,0,0,3,1,2,0,0,0,1,1,0
6,51,0.1052631578947368,0,0,0,0,3650,0,0,0,0,0,1,1,0
8,49,0.1403508771929824,0,3,0,0,3650,0,2,1,3,0,1,1,0
4,52,0.0714285714285714,0,4,0,0,3650,0,2,1,0,0,1,1,0
17,43,0.2833333333333333,0,0,0,0,121,0,2,1,5,1,1,1,0
13,46,0.2203389830508474,0,0,0,0,1464,1,0,0,0,1,1,1,0
6,49,0.109090909090909,0,3,0,0,0,0,2,0,0,0,0,1,0
0,60,0.0,0,10,0,0,3650,0,8,1,0,1,1,1,0
9,49,0.1551724137931034,0,10,0,0,1179,0,2,0,50,1,1,1,0
9,49,0.1551724137931034,0,0,0,0,1221,0,0,0,0,1,1,1,0
12,44,0.2142857142857142,0,10,0,0,0,0,2,1,1,1,0,1,0
15,44,0.2542372881355932,0,0,0,0,805,0,0,0,0,0,1,1,0
5,52,0.087719298245614,0,10,0,0,3650,0,2,0,1,0,1,1,0
5,51,0.0892857142857142,0,2,0,0,0,0,2,1,0,0,0,1,0
4,52,0.0714285714285714,0,0,0,0,146,0,2,0,0,0,1,1,0
7,48,0.1272727272727272,0,0,0,0,128,0,0,0,2,1,1,1,0
8,49,0.1403508771929824,0,0,0,0,3317,1,0,0,0,1,1,1,0
16,40,0.2857142857142857,0,0,0,0,94,0,0,0,0,1,1,1,0
12,44,0.2142857142857142,0,0,0,0,131,0,0,0,1,1,1,1,0
16,43,0.2711864406779661,0,3,0,0,2306,0,2,1,5,1,1,1,0
3,51,0.0555555555555555,0,0,0,0,3650,0,0,0,0,0,1,1,0
1,57,0.0172413793103448,0,10,0,0,3650,0,0,0,0,1,1,1,0
3,52,0.0545454545454545,0,3,0,0,0,0,2,1,1,0,0,1,0
13,44,0.2280701754385964,0,0,0,0,131,1,2,1,3,1,1,1,0
7,49,0.125,0,4,0,0,2289,0,3,1,1,1,1,1,0
9,48,0.1578947368421052,0,0,0,0,153,0,0,0,0,1,1,1,0
5,51,0.0892857142857142,0,0,0,0,146,0,2,0,0,0,1,1,0
15,44,0.2542372881355932,0,0,0,0,124,0,0,0,0,1,1,1,0
7,48,0.1272727272727272,0,0,0,0,130,0,0,0,2,1,1,1,0
3,54,0.0526315789473684,0,0,0,0,198,0,2,0,0,0,1,1,0
4,55,0.0677966101694915,0,5,0,0,3650,0,2,1,1,0,1,1,0
9,47,0.1607142857142857,0,0,0,0,128,0,0,0,1,1,1,1,0
9,47,0.1607142857142857,0,0,0,0,128,0,0,0,0,1,1,1,0
5,50,0.0909090909090909,0,0,0,0,3650,0,0,0,0,0,1,1,0
1,58,0.0169491525423728,0,10,0,0,3650,0,0,0,0,1,1,1,0
12,46,0.2068965517241379,0,0,0,0,3650,0,0,1,0,1,1,1,0
17,42,0.288135593220339,0,0,0,0,3650,0,2,0,2,1,1,1,0
6,52,0.1034482758620689,0,10,0,0,3650,1,2,1,1,1,1,1,0
4,51,0.0727272727272727,0,3,0,0,2130,0,2,1,0,0,1,1,0
15,44,0.2542372881355932,0,0,0,0,85,0,0,0,2,1,1,1,0
10,48,0.1724137931034483,0,5,0,0,1514,0,2,1,1,0,1,1,0
5,51,0.0892857142857142,0,0,0,0,20,0,2,0,0,0,1,1,0
5,54,0.0847457627118644,0,2,0,0,1209,0,2,1,1,0,1,1,0
2,53,0.0363636363636363,0,5,0,0,3650,0,2,1,0,0,1,1,0
7,53,0.1166666666666666,0,10,0,0,3650,0,2,1,1,0,1,1,0
2,55,0.0350877192982456,0,0,0,0,2756,0,2,0,0,0,1,1,0
11,44,0.2,0,0,0,0,128,0,0,0,0,1,1,1,0
4,53,0.0701754385964912,0,6,0,0,3650,0,2,1,1,0,1,1,0
4,52,0.0714285714285714,0,0,0,0,3650,1,3,1,0,0,1,1,0
6,52,0.1034482758620689,0,3,0,0,3121,0,2,1,1,0,1,1,0
6,51,0.1052631578947368,0,0,0,0,295,0,2,1,0,0,1,1,0
7,50,0.1228070175438596,0,0,0,0,316,0,2,1,0,0,1,1,0
8,49,0.1403508771929824,0,0,0,0,13,0,0,0,1,1,1,1,0
7,47,0.1296296296296296,0,0,0,0,74,0,2,0,0,0,1,1,0
10,49,0.1694915254237288,0,0,0,0,1464,1,0,0,0,1,1,1,0
5,52,0.087719298245614,0,0,0,0,261,0,2,1,0,0,1,1,0
0,55,0.0,0,2,0,0,0,0,2,1,0,1,0,1,0
4,53,0.0701754385964912,0,0,0,0,1464,1,0,0,0,1,1,1,0
3,50,0.0566037735849056,0,0,0,0,6,1,2,0,0,0,1,1,0
6,53,0.1016949152542373,0,10,0,0,0,0,2,1,0,0,0,1,0
2,52,0.037037037037037,0,10,0,0,2574,1,2,1,0,0,1,1,0
10,46,0.1785714285714285,0,10,0,0,3650,0,2,1,0,1,1,1,0
7,51,0.1206896551724138,0,2,0,0,2459,0,2,1,1,0,1,1,0
9,48,0.1578947368421052,0,0,0,0,1464,1,0,0,0,1,1,1,0
2,52,0.037037037037037,0,0,0,0,295,0,0,0,0,0,1,1,0
5,52,0.087719298245614,0,0,0,0,355,0,2,1,1,1,1,1,0
3,52,0.0545454545454545,0,0,0,0,9,0,0,0,0,1,1,1,0
8,50,0.1379310344827586,0,4,0,0,0,0,3,1,1,0,0,1,0
17,42,0.288135593220339,0,0,0,0,386,0,0,0,0,0,1,1,0
3,50,0.0566037735849056,0,0,0,0,258,0,0,0,0,0,1,1,0
10,45,0.1818181818181818,0,1,0,0,153,0,0,0,0,1,1,1,0
5,51,0.0892857142857142,0,5,0,0,0,0,2,1,1,0,0,1,0
10,50,0.1666666666666666,0,3,0,0,3650,0,2,1,1,0,1,1,0
7,49,0.125,0,0,0,0,172,0,0,0,0,1,1,1,0
17,42,0.288135593220339,0,0,0,0,36,0,0,0,2,1,1,1,0
12,45,0.2105263157894736,0,0,0,0,130,0,0,0,1,1,1,1,0
0,55,0.0,0,3,0,0,3317,1,0,0,0,1,1,1,0
4,53,0.0701754385964912,0,0,0,0,0,0,2,1,1,0,0,1,0
3,52,0.0545454545454545,0,0,0,0,305,0,0,0,0,0,1,1,0
7,49,0.125,0,0,0,0,6,0,2,0,0,0,1,1,0
0,56,0.0,0,0,0,0,316,0,2,1,0,0,1,1,0
10,47,0.175438596491228,0,0,0,0,153,0,0,0,0,1,1,1,0
2,52,0.037037037037037,0,0,0,0,338,0,0,0,0,0,1,1,0
3,49,0.0576923076923076,0,9,0,0,9,0,0,0,0,0,1,1,0
6,50,0.1071428571428571,0,0,0,0,302,0,2,0,0,0,1,1,0
5,51,0.0892857142857142,0,0,0,0,261,0,0,0,0,0,1,1,0
0,55,0.0,0,3,0,0,2743,0,2,1,1,0,1,1,0
2,54,0.0357142857142857,0,10,0,0,3650,0,2,1,0,0,1,1,0
5,53,0.0862068965517241,0,0,0,0,0,0,2,1,0,0,0,1,0
7,52,0.1186440677966101,0,0,0,0,3650,0,0,0,0,0,1,1,0
17,40,0.2982456140350877,0,0,0,0,23,0,2,0,4,1,1,1,0
3,54,0.0526315789473684,0,2,0,0,0,0,2,1,1,0,0,1,0
11,48,0.1864406779661017,0,0,0,0,7,0,0,0,2,0,1,1,0
4,52,0.0714285714285714,0,0,0,0,574,0,2,1,0,0,1,1,0
17,43,0.2833333333333333,0,2,0,0,0,0,2,0,3,1,0,1,0
7,51,0.1206896551724138,0,10,0,0,0,0,2,0,0,0,0,1,0
5,54,0.0847457627118644,0,0,0,0,2402,1,0,0,0,1,1,1,0
5,54,0.0847457627118644,0,0,0,0,858,0,4,1,1,0,1,1,0
5,51,0.0892857142857142,0,0,0,0,666,0,2,1,0,0,1,1,0
6,52,0.1034482758620689,0,0,0,0,316,0,2,1,0,0,1,1,0
6,47,0.1132075471698113,0,0,0,0,130,0,0,0,0,1,1,1,0
12,42,0.2222222222222222,0,0,0,0,130,0,0,0,1,1,1,1,0
18,42,0.3,0,0,0,0,167,0,0,0,0,1,1,1,0
2,54,0.0357142857142857,0,6,0,0,3250,0,2,1,0,0,1,1,0
9,50,0.1525423728813559,0,4,0,0,1630,0,2,0,1,0,1,1,0
2,52,0.037037037037037,0,7,0,0,3650,1,2,1,0,0,1,1,0
2,53,0.0363636363636363,0,5,0,0,0,1,5,1,0,0,0,1,0
18,40,0.3103448275862069,0,0,0,0,168,0,0,0,0,1,1,1,0
18,40,0.3103448275862069,0,0,0,0,48,0,0,0,1,0,1,1,0
0,56,0.0,0,3,0,0,3650,0,2,1,1,0,1,1,0
0,55,0.0,0,0,0,0,2756,0,2,0,0,0,1,1,0
16,42,0.2758620689655172,0,0,0,0,23,0,0,0,0,1,1,1,0
13,44,0.2280701754385964,0,0,0,0,138,1,2,0,0,0,1,1,0
6,52,0.1034482758620689,0,0,0,0,338,0,2,1,0,0,1,1,0
0,56,0.0,0,0,0,0,2756,0,2,0,0,0,1,1,0
2,54,0.0357142857142857,0,1,0,0,2906,0,0,0,0,0,1,1,0
4,53,0.0701754385964912,0,0,0,0,292,0,2,1,0,0,1,1,0
12,46,0.2068965517241379,0,0,0,0,757,0,0,0,0,1,1,1,0
4,53,0.0701754385964912,0,1,0,0,3650,0,2,1,0,0,1,1,0
3,50,0.0566037735849056,0,0,0,0,295,0,2,1,1,0,1,1,0
4,52,0.0714285714285714,0,4,0,0,229,0,2,1,0,0,1,1,0
4,51,0.0727272727272727,0,0,0,0,0,0,0,0,0,0,0,1,0
1,52,0.0188679245283018,0,0,0,0,0,1,0,0,0,0,0,1,0
8,47,0.1454545454545454,0,0,0,0,13,0,2,0,1,0,1,1,0
14,45,0.2372881355932203,0,3,0,0,55,1,2,0,1,1,1,1,0
3,52,0.0545454545454545,0,0,0,0,13,0,2,0,0,0,1,1,0
10,48,0.1724137931034483,0,0,0,0,371,0,0,0,1,0,1,1,0
5,49,0.0925925925925925,0,0,0,0,302,0,0,0,0,0,1,1,0
2,60,0.032258064516129,0,10,0,0,3650,1,0,0,0,1,1,1,0
2,53,0.0363636363636363,0,10,0,0,2586,0,2,1,1,1,1,1,0
1,55,0.0178571428571428,0,0,0,0,23,0,2,0,0,0,1,1,0
6,52,0.1034482758620689,0,2,0,0,3269,0,4,1,0,0,1,1,0
21,40,0.3442622950819672,0,0,0,0,360,0,0,0,0,1,1,1,0
4,53,0.0701754385964912,0,0,0,0,3650,0,4,1,0,0,1,1,0
3,53,0.0535714285714285,0,7,0,0,2507,0,3,0,0,0,1,1,0
20,39,0.3389830508474576,0,0,0,0,204,0,0,0,0,1,1,1,0
1,52,0.0188679245283018,0,0,0,0,52,0,0,0,0,0,1,1,0
2,54,0.0357142857142857,0,6,0,0,3650,0,3,1,0,0,1,1,0
6,51,0.1052631578947368,0,2,0,0,1980,0,2,1,0,0,1,1,0
10,43,0.1886792452830188,0,0,0,0,128,0,0,0,0,1,1,1,0
4,54,0.0689655172413793,0,1,0,0,0,0,3,1,0,0,0,1,0
14,47,0.2295081967213114,0,0,0,0,2756,1,0,0,0,1,1,1,0
4,51,0.0727272727272727,0,7,0,0,3650,0,5,1,0,0,1,1,0
19,41,0.3166666666666666,0,1,0,0,179,0,0,0,2,1,1,1,0
9,51,0.15,0,0,0,0,713,0,2,1,1,0,1,1,0
4,54,0.0689655172413793,0,4,0,0,1398,0,2,1,0,0,1,1,0
7,51,0.1206896551724138,0,9,0,0,2137,0,2,1,0,0,1,1,0
6,51,0.1052631578947368,0,0,0,0,3612,0,2,1,0,0,1,1,0
0,57,0.0,0,8,0,0,1290,0,2,1,16,0,1,0,amlwatcher.com
0,56,0.0,0,0,0,0,176,1,2,0,0,0,1,0,truebettingplatform.com
0,55,0.0,0,0,0,0,118,0,2,0,0,0,1,0,casinozeus.ai
0,55,0.0,0,0,0,0,464,1,4,1,0,0,1,0,izgotovit-znachki-metalicheskie.ru
0,57,0.0,0,6,0,0,3650,1,4,1,0,0,1,0,d-u-v.org
0,57,0.0,0,3,0,0,0,1,2,1,0,0,0,0,cos-e-sale.de
0,54,0.0,0,0,0,0,3650,0,3,0,0,0,1,0,nndns.net
0,56,0.0,0,10,0,0,3650,0,2,1,6,0,1,0,wing.com.ua
0,55,0.0,0,0,0,0,93,0,3,1,0,0,1,0,mayaktours.rs
0,58,0.0,0,2,0,0,3650,0,2,1,2,0,1,0,wyoleg.gov
0,54,0.0,0,0,0,0,93,0,2,0,0,0,1,0,betmoa.tv
0,57,0.0,0,10,0,0,3650,0,2,0,0,0,1,0,bensimages.com
0,56,0.0,0,10,0,0,0,0,2,1,0,0,0,0,hobodataloggers.com.au
0,56,0.0,0,2,0,0,2067,0,3,1,0,0,1,0,bomprecodrogaria.com.br
0,57,0.0,0,5,0,0,3650,0,2,0,0,0,1,0,archive3d.net
0,56,0.0,0,5,0,0,3650,0,2,1,0,0,1,0,vestibulare.com.br
0,55,0.0,0,0,0,0,377,0,0,0,0,0,1,0,lewdvault.com
0,58,0.0,0,0,0,0,3650,0,4,0,1,0,1,0,narahaku.go.jp
0,54,0.0,0,0,0,0,43,0,0,0,0,0,1,0,lendirqu.wtf
0,56,0.0,0,3,0,0,0,0,2,1,0,0,0,0,fenaco.ch
0,55,0.0,0,1,0,0,1491,0,3,0,0,0,1,0,ho-ok.co.kr
1,53,0.0185185185185185,0,2,0,0,1959,0,2,1,0,0,1,0,war.app
0,53,0.0,0,0,0,0,0,0,0,0,0,0,0,0,zee7pers.de
0,57,0.0,0,4,0,0,3650,0,4,1,0,0,1,0,skyscanner.se
0,57,0.0,0,10,0,0,3364,0,2,1,0,0,1,0,pcstudio.in
3,54,0.0526315789473684,0,3,0,0,3650,0,2,1,0,0,1,0,iccnet.cm
0,56,0.0,0,3,0,0,1691,0,2,1,0,0,1,0,cherkasov.moscow
0,54,0.0,0,0,0,0,3436,0,6,0,1,0,1,0,ptnameserver.com
0,56,0.0,0,3,0,0,1238,0,4,1,0,0,1,0,runandbike.com.ar
0,56,0.0,0,0,0,0,377,0,2,0,0,0,1,0,zpq3zhkyw7c.com
0,55,0.0,0,0,0,0,62,1,2,0,0,0,1,0,topsmarttrendhub.nl
0,57,0.0,0,10,0,0,3650,0,4,1,0,0,1,0,thepacker.com
0,56,0.0,0,10,0,0,1910,0,2,1,0,0,1,0,parafrasear.org
0,57,0.0,0,3,0,0,3650,0,2,1,0,0,1,0,stadiumoutlet.no
0,58,0.0,0,3,0,0,3650,0,4,1,0,0,1,0,carandache.com
0,56,0.0,0,10,0,0,3650,0,2,1,0,0,1,0,everydaycarry.com
0,57,0.0,0,10,0,0,3650,0,2,1,0,0,1,0,hosteko.com
0,55,0.0,0,3,0,0,0,0,2,1,0,0,0,0,parfuemerie-bayerschmidt.de
0,56,0.0,0,6,0,0,3650,0,2,1,0,0,1,0,johnatkinsonbooks.co.uk
0,56,0.0,0,2,0,0,3650,0,2,1,0,0,1,0,northbkk.ac.th
0,55,0.0,0,0,0,0,428,0,2,1,0,0,1,0,itsnour.com
0,56,0.0,0,8,0,0,0,0,2,1,0,0,0,0,ansargallery.ae
0,57,0.0,0,10,0,0,3650,0,2,0,0,0,1,0,worldsalaries.com
0,57,0.0,0,3,0,0,3650,0,4,1,3,0,1,0,infinityauto.com
0,56,0.0,0,10,0,0,3650,0,2,1,0,0,1,0,visitanaheim.org
0,57,0.0,0,5,0,0,3650,0,6,1,0,0,1,0,partyrentalltd.com
0,56,0.0,0,4,0,0,3650,0,2,1,0,0,1,0,sportspyder.com
0,56,0.0,0,0,0,0,143,1,2,0,0,0,1,0,maplearenaonline.nl
1,52,0.0188679245283018,0,0,0,0,114,1,2,0,0,0,1,0,biwomo.cn
0,55,0.0,0,6,0,0,3409,0,2,1,0,0,1,0,tubepartnership.com
0,56,0.0,0,2,0,0,3650,0,0,0,0,0,1,0,hotcherry.com
0,57,0.0,0,10,0,0,3650,0,2,1,3,0,1,0,exmo.me
0,55,0.0,0,1,0,0,925,0,4,0,0,0,1,0,toxsales1.com
0,56,0.0,0,5,0,0,3650,0,4,1,0,0,1,0,foodmarkets.ru
0,54,0.0,0,0,0,0,272,0,0,0,0,0,1,0,javhdz.fit
0,56,0.0,0,2,0,0,1366,0,4,1,0,0,1,0,forestinkclothing.com
0,56,0.0,0,3,0,0,3650,1,5,1,0,0,1,0,enjoycycle.net
0,57,0.0,0,10,0,0,3650,0,3,1,0,0,1,0,agroterra.ru
0,54,0.0,0,10,0,0,3650,1,4,0,0,0,1,0,measurementapi.com
0,56,0.0,0,2,0,0,850,0,2,0,0,0,1,0,hispamula.org
0,57,0.0,0,8,0,0,3650,0,2,1,0,0,1,0,tradogram.com
0,53,0.0,0,10,0,0,1442,1,2,1,0,0,1,0,easyblock.net
0,57,0.0,0,4,0,0,3650,0,2,1,0,0,1,0,polymorphic.net
0,56,0.0,0,10,0,0,3583,1,4,1,0,0,1,0,drdifferent.com
0,56,0.0,0,0,0,0,407,0,4,1,0,0,1,0,shift4-global.com
0,55,0.0,0,0,0,0,0,0,6,1,0,0,0,0,tur.cu
0,57,0.0,0,5,0,0,3650,0,2,1,0,0,1,0,musicplaza.com
0,52,0.0,0,0,0,0,883,0,2,1,0,0,1,0,hn-east.com
1,52,0.0188679245283018,0,5,0,0,461,0,2,0,0,0,1,0,ultrapay.biz
0,56,0.0,0,2,0,0,2631,0,2,0,0,0,1,0,tapdb-dev.com
0,57,0.0,0,7,0,0,0,0,4,0,0,0,0,0,billabong.de
1,53,0.0185185185185185,0,2,0,0,3650,0,4,1,0,0,1,0,connect-tcm.com
0,55,0.0,0,1,0,0,1348,0,2,1,0,0,1,0,ediblecreations.ca
0,56,0.0,0,3,0,0,3650,0,2,1,0,0,1,0,icinga.com
0,56,0.0,0,10,0,0,3650,0,4,1,0,0,1,0,hrs-ds.com
0,55,0.0,0,10,0,0,3650,0,2,1,0,0,1,0,bideew.com
0,57,0.0,0,10,0,0,2277,1,3,1,0,0,1,0,bessarabia.ua
0,57,0.0,0,4,0,0,3650,0,5,1,4,0,1,0,iqsms.ru
0,56,0.0,0,10,0,0,3650,0,2,0,0,0,1,0,lobobot.com
0,57,0.0,0,10,0,0,2681,0,2,1,0,0,1,0,trtnation.com
0,56,0.0,0,10,0,0,3650,1,2,1,0,0,1,0,mysakura.ru
0,56,0.0,0,1,0,0,798,0,2,1,0,0,1,0,gacmotorcolombia.com
0,56,0.0,0,2,0,0,3650,0,2,1,0,0,1,0,askozia.ru
0,53,0.0,0,1,0,0,1896,0,4,1,0,0,1,0,myquantic.com
0,56,0.0,0,0,0,0,486,0,2,1,0,0,1,0,supermaker.ai
0,56,0.0,0,6,0,0,3650,0,4,1,1,0,1,0,caves.org
1,55,0.0178571428571428,0,5,0,0,3650,0,4,1,1,0,1,0,accessgov.com
0,54,0.0,0,0,0,0,784,0,2,1,0,0,1,0,baytsuq.com
0,55,0.0,0,3,0,0,3650,0,3,1,0,0,1,0,z-ns.net
0,56,0.0,0,0,0,0,172,1,2,0,0,0,1,0,goldenpalacestation.com
0,54,0.0,0,4,0,0,3491,0,2,0,0,0,1,0,greycdn.net
0,56,0.0,0,10,0,0,3650,0,2,1,0,0,1,0,fitclick.com
0,55,0.0,0,0,0,0,59,0,2,0,0,0,1,0,playtamil.cfd
0,57,0.0,0,7,0,0,3650,1,2,1,0,0,1,0,myubam.com
0,57,0.0,0,10,0,0,3650,0,2,1,0,0,1,0,potomac.edu
0,56,0.0,0,3,0,0,3650,0,3,1,0,0,1,0,magnuski.org
0,57,0.0,0,4,0,0,0,0,3,1,0,0,0,0,vue.org.py
0,53,0.0,0,5,0,0,3650,0,4,1,0,0,1,0,rhnossa.com.br
0,54,0.0,0,3,0,0,3650,0,0,0,0,0,1,0,hi-edu.ru
0,56,0.0,0,10,0,0,3650,0,2,1,0,0,1,0,ros.net.pl
0,56,0.0,0,6,0,0,2688,0,4,1,0,0,1,0,freyda.io
0,55,0.0,0,4,0,0,3374,0,2,1,0,0,1,0,tiiame.uz
0,57,0.0,0,2,0,0,1919,0,3,0,0,0,1,0,hudhomestore.gov
0,57,0.0,0,10,0,0,3650,0,4,1,0,0,1,0,trusted.ro
0,57,0.0,0,10,0,0,0,0,2,1,0,0,0,0,eco.de
0,56,0.0,0,3,0,0,3292,0,2,0,0,0,1,0,aircraft-instruments.com
0,57,0.0,0,4,0,0,0,0,3,0,0,0,0,0,ville-geneve.ch
0,56,0.0,0,0,0,0,314,0,2,0,0,0,1,0,pushpaclub1.com
0,56,0.0,0,10,0,0,3650,0,2,1,0,0,1,0,voltaicideas.net
0,56,0.0,0,10,0,0,3650,0,4,1,0,0,1,0,dangerfield.co.nz
0,56,0.0,0,6,0,0,3650,0,2,0,0,0,1,0,demopolistimes.com
0,56,0.0,0,1,0,0,3650,0,2,0,0,0,1,0,kcurl.cn
0,53,0.0,0,0,0,0,3650,0,4,1,0,0,1,0,ratior.com
0,56,0.0,0,10,0,0,3650,0,2,1,0,0,1,0,weeklyblitz.net
0,56,0.0,0,10,0,0,0,0,2,1,0,0,0,0,shine.bg
0,56,0.0,0,3,0,0,3650,0,2,1,0,0,1,0,univ-larochelle.fr
0,57,0.0,0,10,0,0,3650,1,4,1,0,0,1,0,aof.dk
0,57,0.0,0,3,0,0,0,0,2,1,0,0,0,0,medios.gt
0,56,0.0,0,4,0,0,3650,0,3,1,0,0,1,0,mltgroup.com
0,57,0.0,0,10,0,0,3650,0,4,1,0,0,1,0,samsoe.com
0,55,0.0,0,10,0,0,2422,1,2,0,0,0,1,0,pelis24.blog
0,56,0.0,0,0,0,0,3650,0,4,1,0,0,1,0,murphx.net
0,56,0.0,0,10,0,0,1096,0,2,1,1,0,1,0,cravehosting.com
0,57,0.0,0,9,0,0,2416,0,4,1,0,0,1,0,skreebee.com
0,56,0.0,0,3,0,0,3650,0,2,1,0,0,1,0,apneaboard.com
0,55,0.0,0,6,0,0,3650,0,2,1,0,0,1,0,ensemblehp.com
0,56,0.0,0,7,0,0,2039,0,2,1,1,0,1,0,olybet.lt
0,56,0.0,0,0,0,0,540,1,2,0,0,0,1,0,platinumbetworld.com
0,56,0.0,0,10,0,0,2543,0,4,1,0,0,1,0,wehelpsoftware.com
0,56,0.0,0,2,0,0,3650,0,2,1,0,0,1,0,www.bydgoszcz.pl
0,56,0.0,0,1,0,0,3650,0,5,1,0,0,1,0,rollingpin.com
0,57,0.0,0,6,0,0,3650,1,4,1,0,0,1,0,profiwh.cz
0,55,0.0,0,7,0,0,3650,1,2,1,0,0,1,0,kryssakuten.se
0,55,0.0,0,3,0,0,3650,0,3,1,0,0,1,0,aps.edu.pl
0,55,0.0,0,5,0,0,89,0,2,1,0,0,1,0,f-nova.com
0,56,0.0,0,2,0,0,3650,0,2,1,0,0,1,0,dcsmanage.com
0,57,0.0,0,4,0,0,2293,0,2,1,0,0,1,0,evidentlyai.com
0,57,0.0,0,10,0,0,3650,0,4,1,7,0,1,0,soldo.com
0,56,0.0,0,3,0,0,3650,0,2,1,0,0,1,0,accelrf.com
0,56,0.0,0,0,0,0,143,1,2,0,0,0,1,0,brightvipdaily.nl
1,54,0.0181818181818181,0,10,0,0,1254,0,2,1,0,0,1,0,elveesprings.com
0,56,0.0,0,2,0,0,3650,0,2,1,0,0,1,0,getreliable.com
0,55,0.0,0,10,0,0,3650,0,2,1,0,0,1,0,adtmag.com
0,57,0.0,0,7,0,0,3650,0,2,1,0,0,1,0,takingthekids.com
0,56,0.0,0,4,0,0,3650,0,6,1,0,0,1,0,realclearhistory.com
0,58,0.0,0,10,0,0,3650,0,2,1,1,0,1,0,apcointl.org
0,56,0.0,0,7,0,0,3650,0,2,1,0,0,1,0,automark.co.za
0,53,0.0,0,1,0,0,1191,1,3,1,0,0,1,0,avenberg.hu
0,57,0.0,0,2,0,0,3650,0,7,1,0,0,1,0,axa-assistance.pl
0,53,0.0,0,0,0,0,1777,0,6,1,0,0,1,0,axaequitablecenter.com
0,57,0.0,0,7,0,0,946,0,2,1,0,0,1,0,banani.co
0,57,0.0,0,10,0,0,3650,0,4,1,0,0,1,0,bishop-accountability.org
0,57,0.0,0,6,0,0,3650,0,2,1,0,0,1,0,boomsolutions.com
0,55,0.0,0,2,0,0,71,0,2,0,0,0,1,0,brwskit.com
0,57,0.0,0,10,0,0,3650,1,4,0,0,0,1,0,buycheapr.com
0,56,0.0,0,2,0,0,0,0,2,1,0,0,0,0,carlosgutierrez.com.uy
0,56,0.0,0,0,0,0,470,1,2,1,0,0,1,0,creatorlabs.in
0,56,0.0,0,10,0,0,3650,0,2,1,0,0,1,0,esprit-barbecue.fr
0,56,0.0,0,0,0,0,144,1,2,0,0,0,1,0,fresharenahub.nl
0,56,0.0,0,10,0,0,3650,0,2,1,0,0,1,0,futureuae.com
0,56,0.0,0,3,0,0,3650,0,6,1,0,0,1,0,hcsc.com
0,56,0.0,0,4,0,0,3650,0,2,1,0,0,1,0,hkv.hr
1,54,0.01818181818181818,0,10,0,0,1080,0,4,1,0,0,1,0,infakts.ru
0,57,0.0,0,3,0,0,3650,0,3,1,0,0,1,0,intecracy.com
0,55,0.0,0,8,0,0,3650,0,2,1,0,0,1,0,iranmodares.com
0,56,0.0,0,5,0,0,2614,0,4,1,0,0,1,0,j-d.digital
0,56,0.0,0,7,0,0,3650,0,2,1,0,0,1,0,jsi.com
0,57,0.0,0,10,0,0,2783,1,2,0,0,0,1,0,karma-riuk.com
0,58,0.0,0,3,0,0,0,0,8,1,0,0,0,0,mbway.pt
0,56,0.0,0,4,0,0,3592,0,3,1,1,0,1,0,mindigbutor.hu
0,56,0.0,0,9,0,0,1063,1,2,0,0,0,1,0,minepiece.net
0,55,0.0,0,4,0,0,3279,0,3,1,0,0,1,0,mojeturnaje.cz
0,56,0.0,0,9,0,0,3650,0,2,1,1,0,1,0,mpowerfinancing.com
0,56,0.0,0,10,0,0,3650,1,2,1,0,0,1,0,namayandehyab.com
0,56,0.0,0,0,0,0,222,1,2,0,0,0,1,0,neatmemo.us
0,56,0.0,0,0,0,0,419,1,2,0,0,0,1,0,nestmediax.com
0,55,0.0,0,0,0,0,159,1,2,0,0,0,1,0,pacearena.co.uk
0,56,0.0,0,10,0,0,3650,1,4,1,1,0,1,0,poweredbyonsite.com
0,53,0.0,0,0,0,0,218,0,0,0,0,0,1,0,rinxo.be
0,56,0.0,0,0,0,0,331,1,4,0,0,0,1,0,sberopedia.org
0,57,0.0,0,8,0,0,3650,0,2,1,0,0,1,0,scottsdalerealtors.org
0,56,0.0,0,8,0,0,3650,0,2,1,0,0,1,0,shuttleworthfoundation.org
0,57,0.0,0,10,0,0,3650,0,4,1,0,0,1,0,solidstatelogic.com
0,56,0.0,0,3,0,0,3650,0,2,1,0,0,1,0,southorangevillage.com
0,55,0.0,0,10,0,0,3650,1,2,1,0,0,1,0,sportsoft.cz
0,56,0.0,0,4,0,0,3650,1,4,1,0,0,1,0,thrivetrm.com
0,59,0.0,0,10,0,0,3650,1,2,1,0,0,1,0,timestables.com
0,55,0.0,0,1,0,0,1632,0,2,1,0,0,1,0,vibes.mba
0,56,0.0,0,3,0,0,3650,1,4,1,0,0,1,0,virt.biz
0,57,0.0,0,10,0,0,3650,1,2,1,0,0,1,0,zeoworks.com
